15,AVIS RENT A CAR,S,RUTA 101 KILOMETRO 19950 - AEROPUERTO DE CARRASCO LOCAL 117,,,,AEROPUERTO,CANELONES,26838383,,,,avis@avis.com.uy,www.avis.com.uy,,,-32.620800,-55.612700,,,,,,,,,15,5576954
15,AVIS RENT A CAR,S,RUTA 101 KILOMETRO 19950 - AEROPUERTO DE CARRASCO LOCAL 114 HALL DE ARRIBOS,,,,AEROPUERTO,CANELONES,26838383,,,,avis@avis.com.uy,www.avis.com.uy,,,-32.620800,-55.612700,,,,,,,,,15,5583323
31,DOLLAR RENT A CAR,S,RUTA 101 NUMERO 3858,,,,AEROPUERTO,CANELONES,26828350,,,,reservas@dollar.com.uy,www.dollar.com.uy,,,-32.620800,-55.612700,,,,,,,,,31,547232
212,EUROPCAR,S,AEROPUERTO INTERNACIONAL DE CARRASCO HALL ARRIBOS,,,,AEROPUERTO,CANELONES,26040350,,,,,,,,-32.620800,-55.612700,,,,,,,,,212,104327
28,MULTICAR RENT A CAR,S,FRANCISCO BOLILLA ESQUINA RUTA 101,,,,AEROPUERTO,CANELONES,,,,099660959,,www.redmulticar.com,,,-32.620800,-55.612700,,,,,,,,,28,40641
61,THRIFTY CAR RENTAL,S,RUTA 101 -3858,,,,AEROPUERTO,CANELONES,18488,,,,flota@thrifty.com.uy,www.thrifty.com.uy,,,-32.620800,-55.612700,,,,,,,,,61,5111949
435,KIA CARRASCO,M,AV ITALIA 7724 BIS,,,,BARRA CARRASCO,CANELONES,26060202,26060663,,097403235,contacto@kiacarrasco.com.uy,www.kiacarrasco.com.uy,,,-32.620800,-55.612700,,,,,,,,,435,6372760
427,ELON,M,RUTA 101 KILOMETRO 26,,,,BARROS BLANCOS,CANELONES,097385769,,,,info@elen.com.uy,www.elon.com.uy,,,-32.620800,-55.612700,,,,,,,,,427,6225702
446,M RENT A CAR,M,RUTA 8 KM 24500,,,,BARROS BLANCOS,CANELONES,092195244,,,,nati.masantiautomoviles@gmail.com,,,,-32.620800,-55.612700,,,,,,,,,446,6827229
438,NO DECLARA,M,RUTA 1B KM 21400,,,,COLONIA NICOLICH,CANELONES,098439900,098439911,,,reservas@localiza.com.uy,www.localiza.com.uy,,,-32.620800,-55.612700,,,,,,,,,438,6375747
228,ALAMO RENT A CAR & NATIONAL CAR RENTAL,S,RUTA GENERAL LIBER SEREGNI MANZANA 63 SOLAR 14,,,,LAGOMAR,CANELONES,26816863,,,,reservasalamo@olecram.com.uy,www.alamouruguay.com,,,-34.823056,-55.992222,,,,,,,,,228,2909850
407,LEOTUR RENT A CAR,M,DR ENRIQUE POUEY 759 BIS,,,,LAS PIEDRAS,CANELONES,23647894,,,099091649,lyon.bur@gmail.com,www.alquiladoraleotur.com,,,-32.620800,-55.612700,,,,,,,,,407,5108621
410,GOLDCAR,M,AVENIDA DE LAS AMERICAS 4922,,,,PARQUE MIRAMAR,CANELONES,26010531,,,094179173,reservas@goldcar.com.uy,www.goldcar.com.uy,,,-32.620800,-55.612700,,,,,,,,,410,5123790
224,MARIÑO SPORT RENT A CAR,S,AVENIDA DE LAS AMERICAS 5004 BIS,,,,PARQUE MIRAMAR,CANELONES,,,,,mirelma@mariniosport.com,www.mariniosport.com,,,-32.620800,-55.612700,,,,,,,,,224,4589257
20,PUNTACAR,S,AVENIDA DE LAS AMERICAS 8239,,,,PARQUE MIRAMAR,CANELONES,26041111,,,,aeropuerto@puntacar.com.uy,www.puntacar.com.uy,,,-32.620800,-55.612700,,,,,,,,,20,1622890
212,EUROPCAR,M,AVENIDA DE LAS AMERICAS S/N ESQUINA CAMINO CARRASCO,,,,PASO CARRASCO,CANELONES,26041433,,,099175235,reservas@europcar.com.uy,www.europcar.com.uy,,,-32.620800,-55.612700,,,,,,,,,212,13446
253,POTENZA RENT A CAR,M,WILSON FERREIRA ALDUNATE (EX CAMINO CARRASCO) 151,,,,PASO CARRASCO,CANELONES,26015205,,,097965549,ventas@potenzarentacar.com.uy,www.potenzarentacar.com.uy,,,-32.620800,-55.612700,,,,,,,,,253,11331
442,LUAN RENTACAR,M,PROGRESO PADRÓN 2699,,,,PROGRESO,CANELONES,23691833,,,096691834,luanrentacar@gmail.com,,,,-32.620800,-55.612700,,,,,,,,,442,6812168
282,PROGRESO ALQUILAUTO,M,VIA PUBLICA 20 METROS KILOMETRO 28 ENTRE RUTA 5 VIEJA Y VIA FERREA,,,,PROGRESO,CANELONES,23689002,,,098349773,progresoal5566@yahoo.com,,,,-32.620800,-55.612700,,,,,,,,,282,83889
255,V&O RIO,M,SARANDI 30,,,,SANTA LUCIA,CANELONES,43345122,,,099710662,vyorentacar@adinet.com.uy,,,,-32.620800,-55.612700,,,,,,,,,255,13893
15,AVIS RENT A CAR/BUDGET RENT A CAR,M,RUTA INTERBALNEARIA KILOMETRO 22 ESQUINA CALLE MORELOS,,,,SANTA TERESITA,CANELONES,26838383,,,,avis@avis.com.uy,www.avis.com.uy,,,-34.902500,-56.186000,,,,,,,,,15,11400
386,AZANZA RENT A CAR,M,AVENIDA INGENIERO LUIS GIANNATTASIO KILOMETRO 22300 LOCAL 1B,,,,SOLYMAR,CANELONES,26987141,,,095697807,azanzarentacar@hotmail.com,,,,-32.620800,-55.612700,,,,,,,,,386,4373972
331,DESTINO RENT A CAR,M,ADAIR PEREZ S/N,,,,TALA,CANELONES,43153407,,,099100902,destinorentacar8@gmail.com,,,,-32.620800,-55.612700,,,,,,,,,331,548049
28,MULTICAR RENT A CAR,S,BOULEVARD MATA 570,,,,MELO,CERRO LARGO,,,,,,,,,-32.620800,-55.612700,,,,,,,,,28,96658
441,CICLOMOTORES EL NEGRO SRL,M,HERNANDARIAS S/N ESQ DEL EXODO,,,,CARMELO,COLONIA,45424257,,,099542075,elnegrorentadora@gmail.com,,,,-32.620800,-55.612700,,,,,,,,,441,6810573
61,THRIFTY CAR RENTAL,S,EMBARCADERO DE YATES DE LA INTENDENCIA MUNICIPAL DE COLONIA,,,,CARMELO,COLONIA,,,,,,,,,-32.620800,-55.612700,,,,,,,,,61,87715
61,THRIFTY CAR RENTAL,S,CALLE 19 DE ABRIL S/N ESQUINA DEFENSA,,,,CARMELO,COLONIA,,,,,,,,,-32.620800,-55.612700,,,,,,,,,61,97660
259,URURENT,M,19 DE ABRIL 102,,,,CARMELO,COLONIA,45422008,,,098542542,alastreto@ururent.com.uy,www.ururent.com.uy,,,-32.620800,-55.612700,,,,,,,,,259,13929
329,VIAGGIO,M,FRANKLIN DELANO ROOSEVELT S/N,,,,CARMELO,COLONIA,45422595,,,,cynthia@viaggioport.com,www.viaggioport.com,,,-32.620800,-55.612700,,,,,,,,,329,547670
15,AVIS RENT A CAR / BUDGET RENT A CAR,S,AVENIDA ROOSEVELT Y MANUEL DE LOBOS TERMINAL DE OMNIBUS LOCAL 3.02,,,,COLONIA DEL SACRAMENTO,COLONIA,,,,,,,,,-32.620800,-55.612700,,,,,,,,,15,85422
31,DOLLAR RENT A CAR,S,GENERAL FLORES 234,,,,COLONIA DEL SACRAMENTO,COLONIA,45229805,,,,dollar.colonia@adinet.com.uy,www.dollar.com.uy,,,-32.620800,-55.612700,,,,,,,,,31,87163
31,DOLLAR RENT A CAR,S,RIVERA 128,,,,COLONIA DEL SACRAMENTO,COLONIA,45229805,,,,r.troccoli@dollar.com.uy,www.dollar.com.uy,,,-32.620800,-55.612700,,,,,,,,,31,537792
212,EUROPCAR,S,ARTIGAS 152,,,,COLONIA DEL SACRAMENTO,COLONIA,45228454,,,,,,,,-32.620800,-55.612700,,,,,,,,,212,104329
28,MULTICAR RENT A CAR,S,PUERTO DE COLONIA,,,,COLONIA DEL SACRAMENTO,COLONIA,,,,,,,,,-32.620800,-55.612700,,,,,,,,,28,96661
20,PUNTACAR,S,18 DE JULIO 496 ESQUINA RIVERA,,,,COLONIA DEL SACRAMENTO,COLONIA,45222353,,,,colonia@puntacar.com.uy,www.puntacar.com.uy,,,-32.620800,-55.612700,,,,,,,,,20,1622898
61,THRIFTY CAR RENTAL,S,AEROPUERTO DE COLONIA,,,,COLONIA DEL SACRAMENTO,COLONIA,,,,,,,,,-32.620800,-55.612700,,,,,,,,,61,87712
61,THRIFTY CAR RENTAL,S,PUERTO DE COLONIA,,,,COLONIA DEL SACRAMENTO,COLONIA,,,,,,,,,-32.620800,-55.612700,,,,,,,,,61,87713
259,URURENT,S,TERMINAL PORTUARIA DE COLONIA,,,,COLONIA DEL SACRAMENTO,COLONIA,45228889,,,,info@ururent.com.uy,www.ururent.com.uy,,,-32.620800,-55.612700,,,,,,,,,259,87943
447,UNO CAR RENT,M,RUTA 1 913,,,,COLONIA VALDENSE,COLONIA,099522282,,,,valeca73@hotmail.com,,,,-32.620800,-55.612700,,,,,,,,,447,6827606
228,ALAMO RENT A CAR & NATIONAL CAR RENTAL,S,RUTA 2 KILOMETRO 182,,,,FLORENCIO SANCHEZ,COLONIA,,,,,,,,,-32.620800,-55.612700,,,,,,,,,228,3463592
336,AURORA RENT A CAR,M,AURORA 288,,,,JUAN LACAZE,COLONIA,45864930,,,099831698,info@aurorarentacar.com,www.aurorarentacar.com,,,-32.620800,-55.612700,,,,,,,,,336,628660
259,URURENT,S,FEDERICO GILOMEN 848,,,,NUEVA HELVECIA,COLONIA,,,,,,,,,-32.620800,-55.612700,,,,,,,,,259,87946
15,AVIS RENT A CAR / BUDGET RENT A CAR,S,ARTIGAS 567,,,,DURAZNO,DURAZNO,43634771,,,,,,,,-32.620800,-55.612700,,,,,,,,,15,2398740
28,MULTICAR RENT A CAR,S,WILSON FERREIRA ALDUNATE 481,,,,DURAZNO,DURAZNO,43624502,,,,,www.redmulticar.com,,,-32.620800,-55.612700,,,,,,,,,28,40639
430,EASY RENT S.R.L.,M,RUTA 5 KM 97.500,,,,FLORIDA,FLORIDA,26001708,,,,mariela.rilla@estudiorilla.com.uy,,,,-32.620800,-55.612700,,,,,,,,,430,6235566
20,PUNTACAR,S,RUTA 10 ESQUINA CALLE 15 PADRON 16-145 6A,,,,LA BARRA,MALDONADO,42772194,,,,,www.puntacar.com.uy,,,-32.620800,-55.612700,,,,,,,,,20,1622896
228,ALAMO RENT A CAR & NATIONAL CAR RENTAL,S,RUTA 93 KILOMETRO 113,,,,LAGUNA DEL SAUCE,MALDONADO,095611001,,,,martingrande@olecram.com.uy,,,,-32.620800,-55.612700,,,,,,,,,228,2085083
15,AVIS RENT A CAR / BUDGET RENT A CAR,S,AEROPUERTO INTERNACIONAL CARLOS A. CURBELO,,,,LAGUNA DEL SAUCE,MALDONADO,,,,,,,,,-32.620800,-55.612700,,,,,,,,,15,84287
31,DOLLAR RENT A CAR,S,RUTA 93 KILOMETRO 113,,,,MALDONADO,MALDONADO,42559550,,,,dollar.laguna@adinet.com.uy,www.dollar.com.uy,,,-32.620800,-55.612700,,,,,,,,,31,87305
20,PUNTACAR,S,AEROPUERTO LAGUNA DEL SAUCE S/N,,,,MALDONADO,MALDONADO,42559299,,,,lagunas@puntacar.com.uy,www.puntacar.com.uy,,,-32.620800,-55.612700,,,,,,,,,20,1622894
228,ALAMO RENT A CAR & NATIONAL CAR RENTAL,S,CALLE 31 ENTRE 20 Y GORLERO,,,,PUNTA DEL ESTE,MALDONADO,095633653,,,,reservas@olecram.com.uy,www.alamouruguay.com,,,-32.620800,-55.612700,,,,,,,,,228,3463591
294,ALL CAR RENTAL,S,LA ANGOSTURA EDIFICIO MEJILLON ESQUINA CALLE 20,,,,PUNTA DEL ESTE,MALDONADO,24280000,,,,marcelo@allcarrental.com.uy,,,,-32.620800,-55.612700,,,,,,,,,294,2928732
15,AVIS RENT A CAR / BUDGET RENT A CAR,S,CALLE 31 Y GORLERO,,,,PUNTA DEL ESTE,MALDONADO,42442020,,,,ope@avis.com.uy,www.avis.com.uy,,,-32.620800,-55.612700,,,,,,,,,15,194706
248,CARPER RENT A CAR,S,CALLE 29 EDIFICIO APOLO LOCAL 36,,,,PUNTA DEL ESTE,MALDONADO,08009090,,,098081010,ventas@localiza.com.uy,www.localiza.com,,,-32.620800,-55.612700,,,,,,,,,248,87937
31,DOLLAR RENT A CAR,S,GORLERO 993,,,,PUNTA DEL ESTE,MALDONADO,,,,,dollarpo@adinet.com.uy,www.dollar.com.uy,,,-32.620800,-55.612700,,,,,,,,,31,721847
212,EUROPCAR,S,CAMINO LAS FOCAS GORLERO Y 30,,,,PUNTA DEL ESTE,MALDONADO,42445018,,,,,,,,-32.620800,-55.612700,,,,,,,,,212,104325
224,MARIÑO SPORT RENT A CAR,S,CALLE 29 ENTRE 24 Y GORLERO GALERIA APOLO LOCAL 32 Y 33,,,,PUNTA DEL ESTE,MALDONADO,,,,,mirelma@mariniosport.com,,,,-32.620800,-55.612700,,,,,,,,,224,83702
224,MARIÑO SPORT RENT A CAR,S,CALLE 24 Y 21 EDIFICIO TORRE GALAPAGOS,,,,PUNTA DEL ESTE,MALDONADO,42443387,,,,mirelma@mariniosport.com,www.mariniosport.com,,,-32.620800,-55.612700,,,,,,,,,224,123414
28,MULTICAR RENT A CAR,S,GORLERO 860 GALERIA CARNABI,,,,PUNTA DEL ESTE,MALDONADO,,,,,,,,,-32.620800,-55.612700,,,,,,,,,28,96657
20,PUNTACAR,S,BULEVARD ARTIGAS E/P 101 ESQUINA RISSO,,,,PUNTA DEL ESTE,MALDONADO,42482112,,,,puntade@puntacar.com.uy,www.puntacar.com.uy,,,-32.620800,-55.612700,,,,,,,,,20,1622892
61,THRIFTY CAR RENTAL,S,CALLE 31 S/N ENTRE CALLE 20 Y GORLERO,,,,PUNTA DEL ESTE,MALDONADO,18488,,,,flota@thrifty.com.uy,www.thrifty.com.uy,,,-32.620800,-55.612700,,,,,,,,,61,5111947
228,ALAMO RENT A CAR & NATIONAL CAR RENTAL,M,NICARAGUA 1144,,,,MONTEVIDEO,MONTEVIDEO,29243225,29291147,,095611001,martingrande@ehilobal.uy,www.alamouruguay.com,,,-32.620800,-55.612700,,,,,,,,,228,13602
228,ALAMO RENT A CAR & NATIONAL CAR RENTAL,S,RAMBLA 25 DE AGOSTO DE 1825,,,,MONTEVIDEO,MONTEVIDEO,095611001,,,,martingrande@olecram.com.uy,,,,-32.620800,-55.612700,,,,,,,,,228,2083931
228,ALAMO RENT A CAR & NATIONAL CAR RENTAL,S,BOULEVARD ARTIGAS 1825 LOCAL 31 SHOPPING TRES CRUCES,,,,MONTEVIDEO,MONTEVIDEO,24088588,,,,martingrande@olecram.com.uy,,,,-32.620800,-55.612700,,,,,,,,,228,2089235
228,ALAMO RENT A CAR & NATIONAL CAR RENTAL,S,LUIS BONAVITA 1315 PISO 1,,,,MONTEVIDEO,MONTEVIDEO,,,,,reservasalamo@olecram.com.uy,www.alamouruguay.com,,,-32.620800,-55.612700,,,,,,,,,228,4431421
384,ALIRENT,M,AVENIDA JOSE BATLLE Y ORDOÑEZ 3419,,,,MONTEVIDEO,MONTEVIDEO,24801577,24803830,,099255158,alirentsrl1@gmail.com,www.alirenturuguay.com,,,-32.620800,-55.612700,,,,,,,,,384,4361721
294,ALL CAR RENTAL,M,CARLOS BERG 2415,,,,MONTEVIDEO,MONTEVIDEO,094613864,,,094699950,marcelo@allcarrental.com.uy,,,,-34.905400,-56.204600,,,,,,,,,294,122330
338,ALPINA RENT A CAR,M,GENERAL CARABALLO 1115,,,,MONTEVIDEO,MONTEVIDEO,22088113,,,099555550,alpinarentacar@gmail.com,www.alpinarentacar.com.uy,,,-32.620800,-55.612700,,,,,,,,,338,630559
374,ALQUICAR,M,JOSE BATLLE Y ORDOÑEZ 4530,,,,MONTEVIDEO,MONTEVIDEO,22187709,,,094626907,autos@alquicar.com.uy,www.alquicar.com.uy,,,-34.853635,-56.181258,,,,,,,,,374,3859525
387,AMAYA MOTORS,M,AVENIDA BOULEVARD BATLLE Y ORDOÑEZ 3425,,,,MONTEVIDEO,MONTEVIDEO,24810583,,,092931302,amaya.motors@hotmail.com,www.amaya.com.uy,,,-32.620800,-55.612700,,,,,,,,,387,4373986
313,AUTO NIVEL RENT A CAR,M,PAYSANDU 933,,,,MONTEVIDEO,MONTEVIDEO,29021319,,,094122444,info@autonivel.com.uy,www.autonivel.com.uy,,,-32.620800,-55.612700,,,,,,,,,313,207716
231,AUTONOMIA RENT A CAR,M,JOSE MARIA MONTERO 3035 LOCAL 1,,,,MONTEVIDEO,MONTEVIDEO,27100977,,,099102720,info@autonomiarentacar.com.uy,www.autonomiarentacar.com.uy,,,-34.924100,-56.156900,,,,,,,,,231,13635
15,AVIS RENT A CAR,S,PAYSANDU 881,,,,MONTEVIDEO,MONTEVIDEO,1700,,,,avis@avis.com.uy,www.avis.com.uy,,,-32.620800,-55.612700,,,,,,,,,15,5556593
244,CAR TRAVEL,M,AVENIDA LUIS ALBERTO DE HERRERA 1896,,,,MONTEVIDEO,MONTEVIDEO,24876133,,,099640612,consultas@cartravel.com.uy,www.cartravel.com.uy,,,-34.893000,-56.144800,,,,,,,,,244,13770
248,CARPER RENT A CAR,M,AVENIDA ITALIA 7548,,,,MONTEVIDEO,MONTEVIDEO,24080990,24001010,,097538888,reservas.rentacar@carper.com.uy,www.carper.com.uy/carper-rent-a-car,,,-34.876100,-56.038800,,,,,,,,,248,13812
248,CARPER RENT A CAR,S,PAYSANDU 1521,,,,MONTEVIDEO,MONTEVIDEO,24080990,,,,ventas@localiza.com.uy,www.localiza.com,,,-32.620800,-55.612700,,,,,,,,,248,3860662
129,DELSUR RENT A CAR,M,JOSE BATLLE Y ORDOÑEZ 3865,,,,MONTEVIDEO,MONTEVIDEO,24874553,24860476,,099695204,delsurrentacar@adinet.com.uy,www.delsurrentacar.com,,,-34.870500,-56.159900,,,,,,,,,129,12441
31,DOLLAR RENT A CAR,M,DURAZNO 1390,,,,MONTEVIDEO,MONTEVIDEO,29027540,26828350,,094112479,d.cordones@dollar.com.uy,www.dollar.com.uy,,,-32.620800,-55.612700,,,,,,,,,31,11538
31,DOLLAR RENT A CAR,S,RONDEAU 2165,,,,MONTEVIDEO,MONTEVIDEO,29247575,,,,dollar.centro@adinet.com.uy,www.dollar.com.uy,,,-34.890300,-56.193100,,,,,,,,,31,87307
327,E-TRAVELS VIAJES & RENT A CAR,M,COLONIA 990,,,,MONTEVIDEO,MONTEVIDEO,24091195,,,099695793,ventas@e-travels.com.uy,www.e-travels.com.uy,,,-32.620800,-55.612700,,,,,,,,,327,545895
421,EASY CAR UY,M,AVENIDA ITALIA 7183,,,,MONTEVIDEO,MONTEVIDEO,,,,096096096,consultas@esycaruy.com,www.easycaruy.com,,,-32.620800,-55.612700,,,,,,,,,421,5957572
429,EL TERO,M,AVDA. GRAL. RIVERA 7016,,,,MONTEVIDEO,MONTEVIDEO,26009898,,,,notificaciones@mainaugroup.com,www.eltero.com.uy,,,-32.620800,-55.612700,,,,,,,,,429,6235361
393,EURONERA RENT A CAR,M,MESETA 1820,,,,MONTEVIDEO,MONTEVIDEO,23229473,092657225,098322666,,euronerasa@gmail.com,,,,-32.620800,-55.612700,,,,,,,,,393,4590218
440,FLEXWAYS,M,CAMINO CARRASCO S/N,,,,MONTEVIDEO,MONTEVIDEO,26001767,,,099303735,uruguay@flexways.com,www.flexways.com,,,-32.620800,-55.612700,,,,,,,,,440,6806129
317,FULL RENT A CAR,M,CAMINO CORRALES 3730,,,,MONTEVIDEO,MONTEVIDEO,22114382,,,099693396,carballidosa@adinet.com.uy,www.fullrentacar.com.uy,,,-32.620800,-55.612700,,,,,,,,,317,308804
409,GIFT RENT A CAR,M,CUAREIM 1630,,,,MONTEVIDEO,MONTEVIDEO,29015889,,,098089808,info@giftrentacar.com.uy,www.giftrentacar.com.uy,,,-32.620800,-55.612700,,,,,,,,,409,5114374
268,GOL RENT A CAR,M,DEFENSA 2374,,,,MONTEVIDEO,MONTEVIDEO,099347878,,,,info@golrentacar.com.uy,www.golrentacar.com.uy,,,-32.620800,-55.612700,,,,,,,,,268,14019
448,HILTON MOTORS,M,EJIDO 1576,,,,MONTEVIDEO,MONTEVIDEO,29030733,,,094507030,hilton@hiltonmotors.com.uy,www.hiltonmotors.com.uy,,,-32.620800,-55.612700,,,,,,,,,448,6852592
422,JOY RENT A CAR,M,HOMERO DE GREGORIO 3519,,,,MONTEVIDEO,MONTEVIDEO,093782996,091941269,,,joyrentacaruru@gmail.com,,,,-32.620800,-55.612700,,,,,,,,,422,6007946
419,KING RENT A CAR,M,JOSE LUIS TERRA 2489,,,,MONTEVIDEO,MONTEVIDEO,095249242,,,,mariel3040@gmail.com,,,,-32.620800,-55.612700,,,,,,,,,419,5366819
224,MARIÑO SPORT RENT A CAR,M,GABRIEL ANTONIO PEREIRA 3101,,,,MONTEVIDEO,MONTEVIDEO,097492032,096408144,,096408127,rentacar@mariniosport.com,www.mariniosport.com,,,-34.908200,-56.148700,,,,,,,,,224,13572
224,MARIÑO SPORT RENT A CAR,S,MIGUEL BARREIRO 3168,,,,MONTEVIDEO,MONTEVIDEO,27086446,,,,mirelma@mariniosport.com,www.mariniosport.com,,,-34.907800,-56.148000,,,,,,,,,224,87904
224,MARIÑO SPORT RENT A CAR,S,AVENIDA ITALIA 5100,,,,MONTEVIDEO,MONTEVIDEO,26135644,,,,mirelma@mariniosport.com,www.mariniosport.com,,,-34.885300,-56.096000,,,,,,,,,224,87916
298,MONTEVIDEO RENT A CAR,M,LA PAZ 1319,,,,MONTEVIDEO,MONTEVIDEO,29292928,29291366,,094424600,mvdrentacar@gmail.com,www.montevideorentacar.com,,,-34.899100,-56.188100,,,,,,,,,298,123862
28,MULTICAR RENT A CAR,M,COLONIA 1227 ENTRE YI Y CUAREIM,,,,MONTEVIDEO,MONTEVIDEO,29022555,,,,info@multicar.com.uy,www.multicar.com.uy,,,-34.904700,-56.189700,,,,,,,,,28,11514
28,MULTICAR RENT A CAR,S,GRITO DE ASENCIO 1277,,,,MONTEVIDEO,MONTEVIDEO,22040878,,,,,www.redmulticar.com,,,34.873800,-56.194200,,,,,,,,,28,95810
423,NO DECLARA,M,JUAN PAULLIER 2261,,,,MONTEVIDEO,MONTEVIDEO,092210131,,,,laprokart@gmail.com,,,,-32.620800,-55.612700,,,,,,,,,423,6008963
443,NO DECLARA,M,RINCON 487 APTO 403,,,,MONTEVIDEO,MONTEVIDEO,29151252,,,,iyc@uy.andersen.com,,,,-32.620800,-55.612700,,,,,,,,,443,6813147
299,PALAMOS RENT A CAR,M,SAMUEL BLIXEN 4440 APARTAMENTO 406,,,,MONTEVIDEO,MONTEVIDEO,095018880,,,,palamosrentacar@hotmail.com,www.palamosrentacar.com.uy,,,-32.620800,-55.612700,,,,,,,,,299,124185
436,PALERMO RENT A CAR,M,MURGIONDO PRUDENCIO 5505 APTO 126,,,,MONTEVIDEO,MONTEVIDEO,098400723,,,,palermorentacar22@gmail.com,,,,-32.620800,-55.612700,,,,,,,,,436,6374272
265,PLUS RENT A CAR,M,CUAREIM 2114,,,,MONTEVIDEO,MONTEVIDEO,29245555,,,099552712,consultas@plusrentacar.com.uy,www.plusrentacar.com.uy,,,-34.863500,-56.220500,,,,,,,,,265,13989
218,PM RENT A CAR,M,TEOFILO COLLAZO 2680,,,,MONTEVIDEO,MONTEVIDEO,25086020,,,099648139,rentacar@perronemendez.com.uy,www.perronemendez.com.uy,,,-34.865300,-56.133200,,,,,,,,,218,13512
238,POLO Y GLOBAL RENT A CAR,M,URUGUAY 1479,,,,MONTEVIDEO,MONTEVIDEO,24035128,,098822190,094157071,poloyglobalrentacar@gmail.com,www.poloyglobalrentacar.com.uy,,,-34.902400,-56.185000,,,,,,,,,238,13710
20,PUNTACAR,M,CERRO LARGO 1383,,,,MONTEVIDEO,MONTEVIDEO,29002772,,,,lmanzo@puntacar.com.uy,www.puntacar.com.uy,,,-34.900600,-56.186700,,,,,,,,,20,11451
389,SERVICIO OFICIAL TOYOTA,M,VALPARAISO 1131,,,,MONTEVIDEO,MONTEVIDEO,29241838,,,,sot@ayaxonline.com,www.ayaxrentacar.com,,,-32.620800,-55.612700,,,,,,,,,389,4433572
251,SILVER RENT A CAR,M,AVENIDA ITALIA 4912 LOCAL 2,,,,MONTEVIDEO,MONTEVIDEO,26140382,,,099252291,info@silverentacar.com.uy,www.silverentacar.com.uy,,,-34.886100,-56.102200,,,,,,,,,251,11340
24,SNAPPY CAR RENTAL,M,ANDES 1363 LOCAL 17,,,,MONTEVIDEO,MONTEVIDEO,29007728,29016588,29023063,099660660,consultas@snappy.com.uy,www.snappy.com.uy,,,-34.906100,-56.198200,,,,,,,,,24,11475
316,SUARTIL S.A.,M,GENERAL PAGOLA 2333,,,,MONTEVIDEO,MONTEVIDEO,24004078,,,,virginiarocca@silca.com.uy,,,,-32.620800,-55.612700,,,,,,,,,316,305073
258,TEAM RENT A CAR,M,LUIS SAMBUCETTI 2668,,,,MONTEVIDEO,MONTEVIDEO,24828000,,,093745454,info@teamrentacar.com.uy,www.teamrentacar.com.uy,,,-34.891900,-56.173300,,,,,,,,,258,13917
61,THRIFTY CAR RENTAL,M,BVAR ARTIGAS 2966,,,,MONTEVIDEO,MONTEVIDEO,18488,,,,flota@thrifty.com.uy,www.thrifty.com.uy,,,-32.620800,-55.612700,,,,,,,,,61,11745
61,THRIFTY CAR RENTAL,S,BULEVARD ARTIGAS 2966,,,,MONTEVIDEO,MONTEVIDEO,18488,,,,flota@thrifty.com.uy,www.thrifty.com.uy,,,-32.620800,-55.612700,,,,,,,,,61,5715979
360,TRIP RENT A CAR,M,SALTO 1033,,,,MONTEVIDEO,MONTEVIDEO,24117101,,,097138406,ruben-garcia@adinet.com.uy,,,,-32.620800,-55.612700,,,,,,,,,360,2367588
408,TU AUTO RENT A CAR,M,CNEL FRANCISCO TAJES 1268,,,,MONTEVIDEO,MONTEVIDEO,25098832,,,094072690,tuautorentacar@gmail.com,www.tuautorentacar.com,,,-32.620800,-55.612700,,,,,,,,,408,5111107
355,VAG,M,AVENIDA ITALIA 4374,,,,MONTEVIDEO,MONTEVIDEO,26180000,,,,nelson@novelli.com.uy,www.multicenter.uy,,,-32.620800,-55.612700,,,,,,,,,355,1620577
432,VIPERCAR AUTOMOVILES,M,JOSÉ BATLLE Y ORDÓNEZ 3757,,,,MONTEVIDEO,MONTEVIDEO,22044444,,,,administracion@vipercar.com.uy,www.vipercar.com.uy,,,-32.620800,-55.612700,,,,,,,,,432,6240450
246,VIVACAR,S,MESSINA 5275,,,,MONTEVIDEO,MONTEVIDEO,26061005,,,,gabriela@dovradmotors.com,www.vivacar.com.uy,,,-32.620800,-55.612700,,,,,,,,,246,5072599
314,VOILA RENT A CAR,M,GRAL BRIGADIER RIVERA 3622,,,,MONTEVIDEO,MONTEVIDEO,26282280,,,094440080,info@voilarentacar.com.uy,www.voilarentacar.com.uy,,,-34.904361,-56.137650,,,,,,,,,314,252198
439,WERNER BERNHEIM,M,AV 8 DE OCTUBRE 2747,,,,MONTEVIDEO,MONTEVIDEO,24870304,,,099628860,contablegp210@gmail.com,www.wernerbernheim.com.uy,,,-32.620800,-55.612700,,,,,,,,,439,6386137
428,AERRE,M,AVDA. ITALIA 2210,,,,PAYSANDU,PAYSANDU,,,,099722009,siteno@vera.com.uy,,,,-32.620800,-55.612700,,,,,,,,,428,6231337
15,AVIS RENT A CAR,S,LEANDRO GOMEZ 846,,,,PAYSANDU,PAYSANDU,1700,,,,avis@avis.com.uy,www.avis.com.uy,,,-32.620800,-55.612700,,,,,,,,,15,5571630
28,MULTICAR RENT A CAR,S,GENERAL LEANDRO GOMEZ 1325,,,,PAYSANDU,PAYSANDU,47240464,,,,,www.redmulticar.com,,,-32.620800,-55.612700,,,,,,,,,28,96660
404,TRAVEL RENT A CAR,M,BULEVAR ARTIGAS 956,,,,PAYSANDU,PAYSANDU,099661346,,,,ociompi@hotmail.com,,,,-32.620800,-55.612700,,,,,,,,,404,5071051
15,AVIS RENT A CAR / BUDGET RENT A CAR,S,18 DE JULIO 1227,,,,FRAY BENTOS,RIO NEGRO,,,,,,,,,-32.620800,-55.612700,,,,,,,,,15,85421
28,MULTICAR RENT A CAR,S,ZORRILLA 1483,,,,FRAY BENTOS,RIO NEGRO,45623316,,,,,www.redmulticar.com,,,-32.620800,-55.612700,,,,,,,,,28,40637
382,CARIALE S.A.,M,ENRIQUE COTTENS 368,,,,RIVERA,RIVERA,094684754,,,094684754,carialerentacar@gmail.com,,,,-32.620800,-55.612700,,,,,,,,,382,4355898
412,GEMA RENT A CAR,M,TABOBA S/N,,,,COSTA AZUL,ROCHA,44798064,,,098384860,gemarentacarlp@gmail.com,,,,-32.620800,-55.612700,,,,,,,,,412,5328422
231,AUTONOMIA RENT A CAR,S,ARIES LOCAL 04,,,,LA PALOMA,ROCHA,44799722,,,,info@autonomiarentacar.com.uy,www.autonomiarentacar.com.uy,,,-32.620800,-55.612700,,,,,,,,,231,5024910
340,DEL FARO RENTA CAR,M,SARANDI S/N ESQUINA DINEGRI COSTA,,,,ROCHA,ROCHA,099333033,,,,delfarorentacar@gmail.com,,,,-32.620800,-55.612700,,,,,,,,,340,692811
31,DOLLAR RENT A CAR,S,JOSE BATLLE Y ORDOÑEZ TERMINAL SALTO SHOPPING LOCAL 1,,,,SALTO,SALTO,47342347,,,,dollar.salto@adinet.com.uy,www.dollar.com.uy,,,-32.620800,-55.612700,,,,,,,,,31,87580
291,SALTO RENT A CAR S.R.L.,M,JUAN ANTONIO LAVALLEJA 151,,,,SALTO,SALTO,47335666,,,098647470,saltorentacar@vera.com.uy,www.saltorentacar.com.uy,,,-32.620800,-55.612700,,,,,,,,,291,107548
61,THRIFTY CAR RENTAL,S,BLANDENGUES 520,,,,SALTO,SALTO,47340051,,,,javier.franco@thrifty.com.uy,www.thrifty.com.uy,,,-32.620800,-55.612700,,,,,,,,,61,2402653
326,TRAVEL RENT A CAR,M,RUTA 3 KILOMETRO 494,,,,SALTO,SALTO,099661346,,,,ociompi@hotmail.com,,,,-32.620800,-55.612700,,,,,,,,,326,542731
212,EUROPCAR,S,26 DE AGOSTO 610,,,,SAN JOSE,SAN JOSE,094404570,,,,reservas@europcar.com.uy,,,,-32.620800,-55.612700,,,,,,,,,212,2912578
28,MULTICAR RENT A CAR,S,GUAYCURU Y CALLE 17 METROS,,,,SAN JOSE,SAN JOSE,,,,095885751,,www.redmulticar.com,,,-32.620800,-55.612700,,,,,,,,,28,40617
246,VIVACAR,M,RUTA 3 346,,,,SAN JOSE,SAN JOSE,26061005,,,097442234,gabriela@douradomotors.com,www.vivacar.com.uy,,,-32.620800,-55.612700,,,,,,,,,246,13791
402,MARTIN BERGER S.R.L,M,TOMAS GOMENSORO 1188,,,,DOLORES,SORIANO,45343232,,,099534929,tallermartinberger@hotmail.com,,,,-32.620800,-55.612700,,,,,,,,,402,4898021
434,NO DECLARA,M,EDUARDO BOTINELLI 1231,,,,DOLORES,SORIANO,099892050,,,,nanogauthier@gmail.com,,,,-32.620800,-55.612700,,,,,,,,,434,6372091
445,NO DECLARA,M,18 DE JULIO 1290,,,,DOLORES,SORIANO,45344414,,,098389271,estudiosolarimos@gmail.com,,,,-32.620800,-55.612700,,,,,,,,,445,6826199
259,URURENT,S,RUTA 21 KILOMETRO 318,,,,DOLORES,SORIANO,,,,,info@ururent.com.uy,www.ururent.com.uy,,,-32.620800,-55.612700,,,,,,,,,259,2826864
15,AVIS RENT A CAR / BUDGET RENT A CAR,S,COLON 260,,,,MERCEDES,SORIANO,45324794,,,,,www.avis.com.uy,,,-32.620800,-55.612700,,,,,,,,,15,85805
28,MULTICAR RENT A CAR,S,TOMAS GOMEZ 363,,,,MERCEDES,SORIANO,45325324,,,,,www.redmulticar.com,,,-32.620800,-55.612700,,,,,,,,,28,120803
83,AUTO NORTE RENT A CAR,M,FELIPE ESQUIVEL 2,,,,TACUAREMBO,TACUAREMBO,46322707,,,099830205,autonorte-ltda@hotmail.com,www.autonorte.com.uy,,,-32.620800,-55.612700,,,,,,,,,83,11907
15,AVIS RENT A CAR / BUDGET RENT A CAR,S,25 DE AGOSTO 224,,,,TACUAREMBO,TACUAREMBO,46320257,,,,tacuarembo@avis.com.uy,www.avis.com.uy,,,-32.620800,-55.612700,,,,,,,,,15,122264
28,MULTICAR RENT A CAR,S,GENERAL VENANCIO FLORES 333,,,,TACUAREMBO,TACUAREMBO,46328462,,,,,www.redmulticar.com,,,-32.620800,-55.612700,,,,,,,,,28,564045
444,PUNTO CAR,M,CONSEJAL CATALOGNE 181,,,,TACUAREMBO,TACUAREMBO,,,,096110672,puntocarrentacar@gmail.com,,,,-32.620800,-55.612700,,,,,,,,,444,6825711
403,VIAL-CAR,M,AVELINO MIRANDA 1171,,,,TREINTA Y TRES,TREINTA Y TRES,092689922,,,099680022,vialcarsrl@adinet.com.uy,,,,-32.620800,-55.612700,,,,,,,,,403,5038169
12,HOTEL RADISSON COLONIA DEL SACRAMENTO,M,WASHINGTON BARBOT 283,,,,COLONIA DEL SACRAMENTO,COLONIA,45230460,45230464,,,reservas@radissoncolonia.com,www.radissoncolonia.com,,,-32.620800,-55.612700,,,,,,,,,12,194803
62,ROYAL HOTEL,M,GRAL. FLORES 340,,,,COLONIA DEL SACRAMENTO,COLONIA,45223139,,,092251677,reservas@hotelroyal.com.uy,www.hotelroyal.com.uy,,,-32.620800,-55.612700,,,,,,,,,62,6792931
65,CONSORCIO PLAZA DE TOROS,M,AV MIHANOVICH 252,,,,REAL DE SAN CARLOS,COLONIA,099984568,,,,comercial@consorcioplazadetoros.uy,,,,-32.620800,-55.612700,,,,,,,,,65,6953580
45,AGROLAND S.A.,M,RUTA 9 S/N,,,,GARZON,MALDONADO,42244040,,,,reservas@experienciasgarzon.com,www.bodegagarzon.com,,,-32.620800,-55.612700,,,,,,,,,45,5122872
61,NARBONA,M,CERRO EGUZQUIZA - PADRON 20988,,,,LA BARRA,MALDONADO,091034100,,,,info.pde@narbona.com,,,,-32.620800,-55.612700,,,,,,,,,61,6385747
19,LAS VERTIENTES,M,CAMINO LOS CEIBOS S/N,,,,MALDONADO,MALDONADO,29159012,,,,cravmouralid@cernicchidroyasoc.com.uy,,,,-32.620800,-55.612700,,,,,,,,,19,1282709
35,PUNTA DEL ESTE CONVENTION & EXHIBITION CENTER,M,PEDRAGOSA  SIERRA S/N,,,,MALDONADO,MALDONADO,42477477,,,099709414,aabulafia@centrodeconvenciones.com.uy,www.centrodeconvenciones.com.uy,,,-34.000000,-54.000000,,,,,,,,,35,4430895
63,MUSEO DE ARTE CONTEMPORANEO ATCHUGARRY,M,RUTA 104 KM 4.5,,,,MANANTIALES,MALDONADO,42775563,,,095685999,administracion@macamuseo.org,www.macamuseo.org,,,-32.620800,-55.612700,,,,,,,,,63,6807519
28,ARGENTINO HOTEL,M,RAMBLA DE LOS ARGENTINOS S/N,,,,PIRIAPOLIS,MALDONADO,44322791,,,092100222,reservas@argentinohotel.com,www.argentinohotel.com,,,-32.620800,-55.612700,,,,,,,,,28,3830927
13,SOLANAS VACATION CONVENTION CENTER,M,RUTA GENERAL LIBER SEREGNI S/N,,,,PORTEZUELO,MALDONADO,27113800,,,,eventos@gruposolanas.com,www.solanasvacation.com.ar,,,-32.620800,-55.612700,,,,,,,,,13,307517
27,CLUB HOTEL CASA PUEBLO S.A.,M,RUTA PANORAMICA S/N,,,,PUNTA BALLENA,MALDONADO,42578611,,,,reservas@clubhotelcasapueblo.com,www.clubhotelcasapueblo.com,,,-32.620800,-55.612700,,,,,,,,,27,2879758
43,BARRADAS PARQUE HOTEL & SPA,M,RIO BRANCO Y FRANCIA PARADA 9,,,,PUNTA DEL ESTE,MALDONADO,42494444,,,094144760,dario.moreira@chic.com.uy,www.hotelbarradas.com.uy,,,-32.620800,-55.612700,,,,,,,,,43,5042560
1,CONRAD RESORT Y CASINO PUNTA DEL ESTE,M,RAMBLA WILLIMAN PARADA 4,,,,PUNTA DEL ESTE,MALDONADO,42481881,,,,baluma@conrad.com.uy,www.conrad.com.uy,,,-32.620800,-55.612700,,,,,,,,,1,108427
23,ESTANCIA SIGLO XX,M,RUTA 9 KILOMETRO 123700,,,,PUNTA DEL ESTE,MALDONADO,098640788,,,,info@estanciasigloxx.com,www.estanciasigloxx.com,www.posadasigloxx.com,,-34.440081,-55.033129,,,,,,,,,23,2401532
44,THE GRAND HOTEL,M,RAMBLA LORENZO BATLLE PACHECO Y AVENIDA DEL MAR PARADA 10 - PLAYA BRAVA,,,,PUNTA DEL ESTE,MALDONADO,42491234,,,091850100,info@puntagrand.com,www.puntagrand.com,,,-32.620800,-55.612700,,,,,,,,,44,5045260
64,ANTEL ARENA,M,DAMASO ANTONIO LARRAÑAGAS/N ENTRE JOSE PEDRO VARELA Y JOSE SERRATO,,,,MONTEVIDEO,MONTEVIDEO,092866767,,,,comercial@antelarena.com.uy,www.antelarena.com.uy,,,-32.620800,-55.612700,,,,,,,,,64,6850417
21,DAZZLER BY WYNDHAM MONTEVIDEO,M,21 DE SETIEMBRE 2752,,,,MONTEVIDEO,MONTEVIDEO,27160000,,,095786444,reservas@dazzlermontevideo.com,www.dazzlermontevideo.com,,,-32.620800,-55.612700,,,,,,,,,21,2085831
56,HOTEL COSTANERO,M,RAMBLA REPUBLICA DE PERU 1371,,,,MONTEVIDEO,MONTEVIDEO,27068607,,,,info@costanero.uy,www.costanero.uy,,,-32.620800,-55.612700,,,,,,,,,56,6112344
16,HOTEL COTTAGE,M,MIRAFLORES 1360,,,,MONTEVIDEO,MONTEVIDEO,26001111,,,096601011,hotel@hotelcottage.com.uy,www.hotelcottage.com.uy,,,-32.620800,-55.612700,,,,,,,,,16,1057076
15,HOTEL ESPLENDOR BY WYNDHAM MONTEVIDEO CERVANTES,M,SORIANO 868,,,,MONTEVIDEO,MONTEVIDEO,29001900,095738806,,,reservas@esplendorcervantes.com,www.esplendorcervantes.com,,,-34.908150,-56.197200,,,,,,,,,15,1033289
18,HOTEL HOLIDAY INN,M,COLONIA 823,,,,MONTEVIDEO,MONTEVIDEO,29020001,,,095573315,reservas@himontevideo.com.uy,www.ihg.com,,,-32.620800,-55.612700,,,,,,,,,18,1208373
36,HYATT CENTRIC MONTEVIDEO,M,RAMBLA REPUBLICA DEL PERU 1479,,,,MONTEVIDEO,MONTEVIDEO,26211234  3037,,,093431748,german.duarte@hyatt.com,www.hyattcentricmontevideo.com,,,-34.000000,-56.138450,,,,,,,,,36,4583291
49,INTENDENCIA DE MONTEVIDEO,M,18 DE JULIO 1360,,,,MONTEVIDEO,MONTEVIDEO,1950 INT 4190 4191,,,,,,,,-32.620800,-55.612700,,,,,,,,,49,5366448
60,LA CALANDRIA,M,TOMAS GOMENSORO 2906,,,,MONTEVIDEO,MONTEVIDEO,099349337,,,,informes@lacalandria.com.uy,www.lacalandria.com.uy,,,-32.620800,-55.612700,,,,,,,,,60,6385259
5,LABORATORIO TECNOLOGICO DEL URUGUAY,M,AVENIDA ITALIA 6201,,,,MONTEVIDEO,MONTEVIDEO,26013724,,,,eventos@latu.org.uy,www.latu.org.uy,,,-32.620800,-55.612700,,,,,,,,,5,108564
11,NH COLUMBIA,M,RAMBLA GRAN BRETAÑA 473,,,,MONTEVIDEO,MONTEVIDEO,29160001,,,,nhmontevideocolumbia@nh-hotels.com,www.nh-hotels.com,,,-32.620800,-55.612700,,,,,,,,,11,163448
10,PALLADIUM BUSSINES HOTEL,M,TOMAS DE TEZANOS 1146,,,,MONTEVIDEO,MONTEVIDEO,26288484,,,094632342,administracion@palladiumhotel.com.uy,www.palladiumhotel.com.uy,,,-34.901600,-56.132300,,,,,,,,,10,112130
2,RADISSON MONTEVIDEO VICTORIA PLAZA HOTEL,M,PLAZA INDEPENDENCIA 759,,,,MONTEVIDEO,MONTEVIDEO,29020111,,,098073008,congresos@radisson.com.uy,www.radisson.com/montevideouy,,,-32.620800,-55.612700,,,,,,,,,2,108439
32,REGENCY WAY MONTEVIDEO HOTEL,M,AVENIDA RIVERA 3377,,,,MONTEVIDEO,MONTEVIDEO,26287777,,,095757280,eventos@regencyway.com.uy,www.regencyway.com.uy,,,-32.620800,-55.612700,,,,,,,,,32,4288947
50,VIVALDI HOTEL MONTEVIDEO,M,BLANCA DEL TABARE 2903,,,,MONTEVIDEO,MONTEVIDEO,27140000,,,096434964,administracion@vivaldihotel.uy,www.vivaldihotel.uy,,,-34.000000,-56.000000,,,,,,,,,50,5368025
55,EVENTOS,M,19 DE ABRIL 958,,,,PAYSANDU,PAYSANDU,47232295,,,095957411,gerencia@ghpaysandu.com,www.grandhotelpaysandu.com.uy,,,-32.620800,-55.612700,,,,,,,,,55,6111688
57,HOTEL SALINAS DEL ALMIRON,M,RUTA 90 KM 82.300,,,,TERMAS DEL ALMIRON,PAYSANDU,,,,094209209,gumansky@salinasdelalmiron.com,www.salinasdelalmiron.com,,,-32.620800,-55.612700,,,,,,,,,57,6231517
